Transect_id,Month,Day,year,,note,year,
LUMA,10,10,1992,,double check final file names,1992,"Burro exclosure naming convention - A=all excluded, U=ungulates excluded, N=none excluded"
LUMA,11,11,1993,,"missing yap rest, lanl",1993,
LUMA,8,3,1994,,,1994,
LUMA,9,21,1995,,,1995,
LUMA,9,20,1999,,,1999,
LUMA,9,13,2000,,,2000,
LUMA,9,12,2000,,,2001,
LUMA,10,4,2002,,,2002,
LUMA,9,24,2003,,,2003,
LUMA,10,5,2004,,,2004,
LUMA,9,14,2006,,,2006,
LUMA,9,21,2009,,,2009,
LUMN,10,10,1992,,,1992,
LUMN,11,11,1993,,,1993,
LUMN,8,3,1994,,,1994,
LUMN,8,31,1995,,,1995,
LUMN,9,20,1999,,,1999,
LUMN,9,13,2000,,,2000,
LUMN,9,12,2000,,,2001,
LUMN,10,4,2002,,,2002,
LUMN,9,24,2003,,,2003,
LUMN,10,5,2004,,,2004,
LUMN,9,14,2006,,,2006,
LUMN,9,21,2009,,,2009,
LUMU,10,10,1992,,,1992,
LUMU,11,11,1993,,,1993,
LUMU,8,3,1994,,,1994,
LUMU,8,31,1995,,,1995,
LUMU,9,20,1999,,,1999,
LUMU,9,13,2000,,,2000,
LUMU,9,12,2000,,,2001,
LUMU,10,4,2002,,,2002,
LUMU,9,24,2003,,,2003,
LUMU,10,5,2004,,,2004,
LUMU,9,14,2006,,,2006,
LUMU,9,21,2009,,,2009,
SANA,10,4,1992,,,1992,
SANA,9,25,1993,,,1993,
SANA,8,30,1994,,,1994,
SANA,9,7,1995,,,1995,
SANA,9,1,1999,,,1999,
SANA,9,6,2000,,,2000,
SANA,9,24,2000,,,2001,
SANA,9,19,2002,,,2002,
SANA,9,11,2003,,,2003,
SANA,9,9,2004,,,2004,
SANA,8,30,2007,,,2007,
SANA,9,24,2009,,,2009,
SANN,10,4,1992,,,1992,
SANN,9,25,1993,,,1993,
SANN,8,30,1994,,,1994,
SANN,9,7,1995,,,1995,
SANN,9,1,1999,,,1999,
SANN,9,6,2000,,,2000,
SANN,9,24,2000,,,2001,
SANN,9,19,2002,,,2002,
SANN,9,11,2003,,,2003,
SANN,9,9,2004,,,2004,
SANN,8,30,2007,,,2007,
SANN,9,24,2009,,,2009,
SANU,10,4,1992,,,1992,
SANU,9,25,1993,,,1993,
SANU,8,30,1994,,,1994,
SANU,9,7,1995,,,1995,
SANU,9,1,1999,,,1999,
SANU,9,6,2000,,,2000,
SANU,9,24,2000,,,2001,
SANU,9,19,2002,,,2002,
SANU,9,11,2003,,,2003,
SANU,9,9,2004,,,2004,
SANU,8,30,2007,,,2007,
SANU,9,24,2009,,,2009,
YAPA,10,25,1991,,,1991,
YAPA,11,17,1992,,,1992,
YAPA,8,13,1993,,,1993,
YAPA,8,4,1994,,,1994,
YAPA,9,18,1995,,,1995,
YAPA,9,25,1996,,,1996,
YAPA,9,8,1999,,,1999,
YAPA,10,6,2000,,,2000,
YAPA,9,21,2000,,,2001,
YAPA,10,1,2002,,,2002,
YAPA,9,19,2003,,,2003,
YAPA,8,30,2004,,,2004,
YAPA,9,7,2007,,,2007,
YAPA,9,21,2009,,,2009,
YAPN,10,25,1991,,,1991,
YAPN,11,17,1992,,,1992,
YAPN,8,13,1993,,,1993,
YAPN,8,4,1994,,,1994,
YAPN,9,18,1995,,,1995,
YAPN,9,25,1996,,,1996,
YAPN,9,8,1999,,,1999,
YAPN,10,6,2000,,,2000,
YAPN,9,21,2000,,,2001,
YAPN,10,1,2002,,,2002,
YAPN,9,19,2003,,,2003,
YAPN,8,30,2004,,,2004,
YAPN,9,7,2007,,,2007,
YAPN,9,21,2009,,,2009,
YAPU,8,13,1993,,,1993,
YAPU,8,4,1994,,,1994,
YAPU,9,18,1995,,,1995,
YAPU,9,25,1996,,,1996,
YAPU,9,8,1999,,,1999,
YAPU,10,6,2000,,,2000,
YAPU,9,21,2001,,,2001,
YAPU,10,1,2002,,,2002,
YAPU,9,19,2003,,,2003,
YAPU,8,30,2004,,,2004,
YAPU,9,7,2007,,,2007,
YAPU,9,21,2009,,,2009,
JM01N,7,10,1991,,,1991,
JM01N,7,10,1992,,,1992,
JM01N,7,14,1993,,,1993,
JM01N,7,20,1994,,,1994,
JM01N,8,11,1995,,,1995,
JM01N,8,5,1996,,,1996,
JM01N,8,11,1997,,,1997,
JM01N,8,25,1998,,,1998,
JM01N,8,24,1999,,,1999,
JM01N,8,23,2000,,,2000,
JM01N,8,14,2001,,,2001,
JM01N,8,27,2003,,,2003,
JM01N,8,18,2004,,,2004,
JM01N,9,22,2005,,,2005,
JM01N,8,4,2006,,,2006,
JM01N,9,6,2007,,,2007,
JM01N,9,3,2008,,,2008,
JM01N,9,2,2009,,,2009,
JM01N,9,8,2010,,,2010,
JM01N,9,9,2011,,,2011,
JM01N,8,20,2012,,,2012,
JM01N,8,19,2013,,,2013,
JM01N,8,5,2014,,,2014,
JM01N,8,26,2015,,,2015,
JM01N,8,15,2016,,,2016,
JM01N,8,16,2017,,,2017,
JM01N,8,29,2018,,,2018,
JM01N,8,29,2019,,,2019,
JM01N,9,2,2020,,,2020,
JM01N,8,19,2021,,,2021,
JM01T,7,10,1991,,,1991,
JM01T,7,10,1992,,,1992,
JM01T,7,14,1993,,,1993,
JM01T,7,20,1994,,,1994,
JM01T,8,11,1995,,,1995,
JM01T,8,5,1996,,,1996,
JM01T,8,11,1997,,,1997,
JM01T,8,25,1998,,,1998,
JM01T,8,24,1999,,,1999,
JM01T,8,23,2000,,,2000,
JM01T,8,14,2001,,,2001,
JM01T,8,27,2003,,,2003,
JM01T,8,18,2004,,,2004,
JM01T,9,22,2005,,,2005,
JM01T,8,4,2006,,,2006,
JM01T,9,6,2007,,,2007,
JM01T,9,3,2008,,,2008,
JM01T,9,2,2009,,,2009,
JM01T,9,8,2010,,,2010,
JM01T,9,9,2011,,,2011,
JM01T,8,20,2012,,,2012,
JM01T,8,19,2013,,,2013,
JM01T,8,5,2014,,,2014,
JM01T,8,26,2015,,,2015,
JM01T,8,15,2016,,,2016,
JM01T,8,16,2017,,,2017,
JM01T,8,29,2018,,,2018,
JM01T,8,29,2019,,,2019,
JM01T,9,2,2020,,,2020,
JM01T,8,19,2021,,,2021,
JM02,7,13,1991,,,1991,
JM02,7,16,1993,,,1993,
JM02,8,15,1994,,,1994,
JM02,9,28,1999,,,1999,
JM02,8,25,2000,,,2000,
JM02,9,4,2002,,,2002,
JM02,8,29,2003,,,2003,
JM02,8,17,2005,,,2005,
JM02,9,9,2007,,,2007,
JM02,9,10,2008,,,2008,
JM02,9,9,2009,,,2009,
JM02,9,9,2010,,,2010,
JM02,9,16,2011,,,2011,
JM02,9,5,2012,,,2012,
JM02,8,22,2013,,,2013,
JM02,8,7,2014,,,2014,
JM02,8,31,2015,,,2015,
JM02,8,17,2016,,,2016,
JM02,8,21,2017,,,2017,
JM02,8,30,2018,,,2018,
JM02,9,3,2020,,,2020,
JM02,8,20,2021,,,2021,
JM05,7,15,1991,,,1991,
JM05,7,30,1992,,,1992,
JM05,8,3,1993,,,1993,
JM05,9,22,2010,,,2010,
JM05,8,14,2014,,,2014,
JM06,7,18,1991,,,1991,
JM06,7,28,1992,,,1992,
JM06,7,23,1993,,,1993,
JM06,7,27,1994,,,1994,
JM06,8,26,1996,,,1996,
JM06,9,8,1997,,,1997,
JM06,9,2,1998,,,1998,
JM06,8,27,1999,,,1999,
JM06,8,30,2000,,,2000,
JM06,9,9,2003,,,2003,
JM06,10,7,2004,,,2004,
JM06,10,3,2005,,,2005,
JM06,8,10,2006,,,2006,
JM06,8,20,2007,,,2007,
JM06,9,15,2008,,,2008,
JM06,9,18,2009,,,2009,
JM06,9,15,2010,,,2010,
JM06,9,19,2011,,,2011,
JM06,10,3,2012,,,2012,
JM06,9,4,2013,,,2013,
JM06,8,13,2014,,,2014,
JM06,9,16,2015,,,2015,
JM06,8,29,2016,,,2016,
JM06,8,23,2017,,,2017,
JM06,9,13,2018,,,2018,
JM06,8,27,2019,,,2019,
JM06,9,4,2020,,,2020,
JM06,8,23,2021,,,2021,
JM07,7,29,1991,,,1991,
JM07,7,28,1993,,,1993,
JM07,10,5,1999,,,1999,
JM07,9,11,2000,,,2000,
JM07,9,6,2001,,,2001,
JM07,9,16,2002,,,2002,
JM07,9,4,2003,,,2003,
JM07,8,22,2005,,,2005,
JM07,9,1,2017,,,2016,
JM08,7,30,1991,,,1991,
JM08,7,29,1993,,,1993,
JM08,10,22,1999,,,1999,
JM08,10,18,2000,,,2000,
JM08,10,11,2003,,,2003,
JM08,8,27,2007,,,2007,
JM08,8,31,2017,,,2016,
JM09,8,20,1991,,,1991,
JM09,8,12,1993,,,1993,
JM09,9,11,1999,,,1999,
JM09,10,5,2000,,,2000,
JM09,9,22,2003,,,2003,
JM09,9,12,2007,,,2007,
JM10,8,22,1991,,,1991,
JM10,9,6,1992,,,1992,
JM10,8,10,1993,,,1993,
JM10,9,7,1999,,,1999,
JM10,10,3,2000,,,2000,
JM10,9,19,2001,,,2001,
JM10,10,2,2002,,,2002,
JM10,9,20,2003,,,2003,
JM10,9,16,2006,,,2006,
JM10,9,8,2007,,,2007,
JM11,8,24,1991,,,1991,
JM11,8,10,1993,,,1993,
JM11,9,10,1999,,,1999,
JM11,10,4,2000,,,2000,
JM11,9,21,2003,,,2003,
JM11,9,9,2007,,,2007,
JP12P,8,28,1991,,,1991,
JP12P,8,23,1994,,,1994,
JP12P,9,30,1997,,,1997,
JP12P,9,30,1999,,,1999,
JP12P,10,1,2000,,,2000,
JP12P,9,18,2001,,,2001,
JP12P,10,3,2002,,,2002,
JP12P,9,23,2003,,,2003,
JP12P,9,2,2004,,,2004,
JP12P,9,15,2006,,,2006,
JP12P,9,11,2007,,,2007,
JM12M,8,28,1991,,,1991,
JM12M,8,23,1994,,,1994,
JM12M,9,30,1997,,,1997,
JM12M,9,30,1999,,,1999,
JM12M,10,1,2000,,,2000,
JM12M,9,18,2001,,,2001,
JM12M,10,3,2002,,,2002,
JM12M,9,23,2003,,,2003,
JM12M,9,2,2004,,,2004,
JM12M,9,15,2006,,,2006,
JM12M,9,11,2007,,,2007,
KLB1,8,30,1994,,,1994,
KLB1,9,7,1995,,,1995,
KLB1,9,1,1999,,,1999,
KLB1,9,6,2000,,,2000,
KLB1,9,24,2001,,,2001,
KLB1,9,19,2002,,,2002,
KLB1,9,11,2003,,,2003,
KLB1,9,9,2004,,,2004,
KLB1,8,30,2007,,,2007,
KLB1,9,24,2009,,,2009,
KLB1,9,21,2011,,,2011,
KLB1,8,21,2013,,,2013,
KLB1,9,4,2014,,,2014,
KLB1,9,23,2015,,,2015,
KLB1,9,26,2017,,,2016,
KLB1,9,20,2018,,,2018,
KLB1,10,1,2019,,,2019,
KLB1,9,24,2020,,,2020,
KLB1,9,2,2021,,,2021,
KLB2,8,30,1994,,,1994,
KLB2,9,7,1995,,,1995,
KLB2,9,1,1999,,,1999,
KLB2,9,6,2000,,,2000,
KLB2,9,24,2001,,,2001,
KLB2,9,19,2002,,,2002,
KLB2,9,11,2003,,,2003,
KLB2,9,9,2004,,,2004,
KLB2,8,30,2007,,,2007,
KLB2,9,24,2009,,,2009,
KLB2,9,21,2011,,,2011,
KLB2,8,21,2013,,,2013,
KLB2,9,4,2014,,,2014,
KLB2,9,23,2015,,,2015,
KLB2,9,26,2017,,,2016,
KLB2,8,25,2017,,,2017,
KLB2,9,20,2018,,,2018,
KLB2,10,1,2019,,,2019,
KLB2,9,24,2020,,,2020,
KLB2,9,2,2021,,,2021,
CMH1,9,21,2011,,,2011,
CMH1,8,21,2013,,,2013,
CMH1,9,5,2014,,,2014,
CMH1,9,23,2015,,,2015,
CMH1,9,26,2017,,,2016,
CMH1,8,25,2017,,,2017,
CMH1,9,20,2018,,,2018,
CMH1,10,1,2019,,,2019,
CMH1,9,24,2020,,,2020,
CMH1,9,2,2021,,,2021,
CMH2,9,21,2011,,,2011,
CMH2,8,21,2013,,,2013,
CMH2,9,5,2014,,,2014,
CMH2,9,23,2015,,,2015,
CMH2,9,26,2017,,,2016,
CMH2,8,25,2017,,,2017,
CMH2,9,20,2018,,,2018,
CMH2,10,1,2019,,,2019,
CMH2,9,24,2020,,,2020,
CMH2,9,2,2021,,,2021,
CDA1,10,7,1993,,,1993,
CDA1,10,17,1994,,,1994,
CDA1,8,10,1995,,,1995,
CDA1,8,23,1996,,,1996,
CDA1,9,2,1997,,,1997,
CDA1,9,23,1998,,,1998,
CDA1,9,3,1999,,,1999,
CDA1,9,1,2000,,,2000,
CDA1,8,29,2001,,,2001,
CDA1,9,12,2002,,,2002,
CDA1,9,9,2003,,,2003,
CDA1,8,25,2004,,,2004,
CDA1,8,25,2005,,,2005,
CDA1,9,12,2006,,,2006,
CDA1,8,16,2007,,,2007,
CDA1,9,22,2008,,,2008,
CDA1,9,14,2009,,,2009,
CDA1,9,16,2010,,,2010,
CDA1,9,29,2011,,,2011,
CDA1,9,10,2012,,,2012,
CDA1,8,29,2013,,,2013,
CDA1,8,20,2014,,,2014,
CDA1,9,4,2015,,,2015,
CDA1,9,8,2017,,,2016,
CDA1,8,22,2017,,,2017,
CDA1,10,4,2018,,,2018,
CDA1,8,26,2019,,,2019,
CDA1,9,23,2020,,,2020,
CDA1,9,1,2021,,,2021,
CDA2,10,7,1993,,,1993,
CDA2,10,17,1994,,,1994,
CDA2,8,10,1995,,,1995,
CDA2,8,23,1996,,,1996,
CDA2,9,2,1997,,,1997,
CDA2,9,23,1998,,,1998,
CDA2,9,3,1999,,,1999,
CDA2,9,1,2000,,,2000,
CDA2,8,29,2001,,,2001,
CDA2,9,12,2002,,,2002,
CDA2,9,9,2003,,,2003,
CDA2,8,25,2004,,,2004,
CDA2,8,25,2005,,,2005,
CDA2,9,12,2006,,,2006,
CDA2,8,16,2007,,,2007,
CDA2,9,22,2008,,,2008,
CDA2,9,14,2009,,,2009,
CDA2,9,16,2010,,,2010,
CDA2,9,29,2011,,,2011,
CDA2,9,10,2012,,,2012,
CDA2,8,29,2013,,,2013,
CDA2,8,20,2014,,,2014,
CDA2,9,4,2015,,,2015,
CDA2,9,8,2017,,,2016,
CDA2,8,22,2017,,,2017,
CDA2,10,4,2018,,,2018,
CDA2,8,26,2019,,,2019,
CDA2,9,23,2020,,,2020,
CDA2,9,1,2021,,,2021,
CDA3,10,7,1993,,,1993,
CDA3,10,17,1994,,,1994,
CDA3,8,10,1995,,,1995,
CDA3,8,23,1996,,,1996,
CDA3,9,2,1997,,,1997,
CDA3,9,23,1998,,,1998,
CDA3,9,3,1999,,,1999,
CDA3,9,1,2000,,,2000,
CDA3,8,29,2001,,,2001,
CDA3,9,12,2002,,,2002,
CDA3,9,9,2003,,,2003,
CDA3,8,25,2004,,,2004,
CDA3,8,25,2005,,,2005,
CDA3,9,12,2006,,,2006,
CDA3,8,16,2007,,,2007,
CDA3,9,22,2008,,,2008,
CDA3,9,14,2009,,,2009,
CDA3,9,16,2010,,,2010,
CDA3,9,29,2011,,,2011,
CDA3,9,10,2012,,,2012,
CDA3,8,29,2013,,,2013,
CDA3,8,20,2014,,,2014,
CDA3,9,4,2015,,,2015,
CDA3,9,8,2017,,,2016,
CDA3,8,22,2017,,,2017,
CDA3,10,4,2018,,,2018,
CDA3,8,26,2019,,,2019,
CDA3,9,23,2020,,,2020,
CDA3,9,1,2021,,,2021,
1HAS1,9,19,1997,,,1997,
1HAS2,8,27,1997,,,1997,
1HBS1,7,14,1997,,,1997,
1HBS2,9,26,1997,,,1997,
1MAS1,9,12,1997,,,1997,
1MAS2,9,26,1997,,completed on 9/27/1997,1997,
1MBS1,9,18,1997,,,1997,
1MBS2,9,15,1997,,,1997,
1U1,9,26,1997,,,1997,
1U2,10,1,1997,,,1997,
2HAS1,7,10,1997,,,1997,
2HAS2,8,21,1997,,,1997,
2HAU1,9,2,1997,,,1997,
2HAU2,9,5,1997,,,1997,
2HBS1,7,22,1997,,completed on 7/30/1997,1997,
2HBS2,8,22,1997,,,1997,
2HBU1,9,3,1997,,completed on 9/4/1997,1997,
2HBU2,9,8,1997,,,1997,
2MAS1,7,22,1997,,completed on 8/20/1997,1997,
2MAS2,8,21,1997,,,1997,
2MAU1,9,2,1997,,,1997,
2MAU2,9,8,1997,,,1997,
2MBS1,7,18,1997,,,1997,
2MBS2,8,25,1997,,,1997,
2MBS3,10,15,1997,,,1997,
2MBU1,9,3,1997,,,1997,
2MBU2,9,4,1997,,completed on 9/5/1997,1997,
2U1,9,24,1997,,,1997,
2U2,9,25,1997,,,1997,
3HAS1,8,8,1997,,,1997,
3HAS2,8,1,1997,,,1997,
3HAU1,7,24,1997,,,1997,
3HAU2,8,6,1997,,,1997,
3HBS1,7,17,1997,,,1997,
3HBS2,8,17,1997,,,1997,
3HBU1,7,24,1997,,,1997,
3HBU2,8,6,1997,,,1997,
3LAU1,8,5,1997,,,1997,
3MAS1,7,15,1997,,,1997,
3MAS2,8,19,1997,,,1997,
3MAU1,9,16,1997,,,1997,
3MAU2,9,23,1997,,,1997,
3MBS1,8,19,1997,,,1997,
3MBS2,8,16,1997,,,1997,
3MBS3,10,14,1997,,,1997,
3MBU1,8,4,1997,,,1997,
3MBU2,9,23,1997,,,1997,
3U1,9,29,1997,,,1997,
3U2,9,30,1997,,,1997,
1HAS1,8,14,1998,,,1998,
1HAS2,,,,,no data,,
1HBS1,7,11,1998,,,1998,
1HBS2,8,18,1998,,,1998,
1MAS1,8,14,1998,,,1998,
1MAS2,8,20,1998,,,1998,
1MBS1,8,13,1998,,,1998,
1MBS2,8,17,1998,,,1998,
1U1,8,20,1998,,,1998,
1U2,8,13,1998,,,1998,
2HAS1,7,23,1998,,,1998,
2HAS2,7,29,1998,,,1998,
2HAU1,8,5,1998,,,1998,
2HAU2,8,4,1998,,,1998,
2HBS1,7,27,1998,,,1998,
2HBS2,7,31,1998,,,1998,
2HBU1,8,4,1998,,,1998,
2HBU2,8,5,1998,,,1998,
2MAS1,7,30,1998,,,1998,
2MAS2,7,29,1998,,,1998,
2MAU1,8,3,1998,,,1998,
2MAU2,8,3,1998,,,1998,
2MBS1,7,28,1998,,,1998,
2MBS2,7,31,1998,,,1998,
2MBU1,8,5,1998,,,1998,
2MBU2,8,4,1998,,,1998,
2U1,7,27,1998,,,1998,
2U2,7,29,1998,,,1998,
3HAS1,6,23,1998,,,1998,
3HAS2,6,25,1998,,,1998,
3HAU1,7,21,1998,,,1998,
3HAU2,7,17,1998,,,1998,
3HBS1,6,26,1998,,,1998,
3HBS2,7,8,1998,,completed on 7/9/1998,1998,
3HBU1,7,21,1998,,,1998,
3HBU2,8,12,1998,,,1998,
3LAU1,7,15,1998,,,1998,
3MAS1,6,22,1998,,,1998,
3MAS2,6,29,1998,,,1998,
3MAU1,7,22,1998,,,1998,
3MAU2,7,20,1998,,,1998,
3MBS1,6,30,1998,,,1998,
3MBS2,7,7,1998,,,1998,
3MBS3,7,1,1998,,,1998,
3MBU1,7,14,1998,,,1998,
3MBU2,7,16,1998,,,1998,
3U1,8,12,1998,,,1998,
3U2,7,8,1998,,,1998,
3HAU1,9,16,2002,,,2002,
3HAU2,10,9,2002,,,2002,
3HBU1,9,16,2002,,,2002,
3HBU2,9,17,2002,,,2002,
3LAU1,9,25,2002,,,2002,
3MAU1,9,26,2002,,,2002,
3MAU2,9,26,2002,,,2002,
3MBU1,10,8,2002,,,2002,
3MBU2,10,10,2002,,,2002,
3U1,9,18,2002,,,2002,
1HAS1,8,6,2008,,,2008,
1HAS2,8,6,2008,,,2008,
1HBS1,8,13,2008,,,2008,
1HBS2,8,6,2008,,,2008,
1MAS1,8,6,2008,,,2008,
1MAS2,8,6,2008,,,2008,
1MBS1,8,20,2008,,,2008,
1MBS2,8,8,2008,,,2008,
1U1,8,6,2008,,,2008,
1U2,8,20,2008,,,2008,
2HAS1,7,31,2008,,,2008,
2HAS2,6,26,2008,,,2008,
2HAU1,7,30,2008,,,2008,
2HAU2,7,31,2008,,,2008,
2HBS1,8,13,2008,,,2008,
2HBS2,8,11,2008,,,2008,
2HBU1,7,31,2008,,,2008,
2HBU2,7,31,2008,,,2008,
2MAS1,8,19,2008,,,2008,
2MAS2,8,11,2008,,,2008,
2MAU1,7,30,2008,,,2008,
2MAU2,7,30,2008,,,2008,
2MBS1,8,13,2008,,,2008,
2MBS2,8,11,2008,,,2008,
2MBS3,8,11,2008,,,2008,
2MBU1,7,31,2008,,,2008,
2MBU2,7,31,2008,,,2008,
2U1,8,13,2008,,,2008,
2U2,8,13,2008,,,2008,
3HAS1,8,5,2008,,,2008,
3HAS2,8,5,2008,,,2008,
3HBS1,8,5,2008,,,2008,
3HBS2,8,14,2008,,,2008,
3MAS1,8,5,2008,,,2008,
3MAS2,8,5,2008,,,2008,
3MBS1,8,5,2008,,,2008,
3MBS2,8,14,2008,,,2008,
3MBS3,8,20,2008,,,2008,
3U2,8,14,2008,,,2008,
1HAS1,8,16,2013,,,2013,
1HAS2,8,10,2013,,,2013,
1HBS1,8,1,2013,,,2013,
1HBS2,8,10,2013,,,2013,
1MAS1,8,14,2013,,,2013,
1MAS2,8,14,2013,,,2013,
1MBS1,8,20,2013,,,2013,
1MBS2,8,10,2013,,,2013,
1U1,8,14,2013,,,2013,
1U2,8,20,2013,,,2013,
2HAS1,8,2,2013,,,2013,
2HAS2,8,8,2013,,,2013,
2HAU1,8,2,2013,,,2013,
2HAU2,8,5,2013,,,2013,
2HBS1,8,8,2013,,,2013,
2HBS2,8,6,2013,,,2013,
2HBU1,8,5,2013,,,2013,
2HBU2,8,5,2013,,,2013,
2MAS1,8,12,2013,,,2013,
2MAS2,8,8,2013,,,2013,
2MAU1,8,2,2013,,,2013,
2MAU2,8,2,2013,,,2013,
2MBS1,8,1,2013,,,2013,
2MBS2,8,8,2013,,,2013,
2MBS3,8,6,2013,,,2013,
2MBU1,8,2,2013,,,2013,
2MBU2,8,5,2013,,,2013,
2U1,8,8,2013,,,2013,
2U2,8,1,2013,,,2013,
3HAS1,8,12,2013,,,2013,
3HAS2,8,12,2013,,,2013,
3HAU1,9,19,2013,,,2013,
3HAU2,8,13,2013,,,2013,
3HBS1,8,15,2013,,,2013,
3HBS2,8,7,2013,,,2013,
3HBU1,9,19,2013,,,2013,
3HBU2,8,13,2013,,,2013,
3LAU1,8,9,2013,,,2013,
3MAS1,8,12,2013,,,2013,
3MAS2,8,15,2013,,,2013,
3MAU1,9,19,2013,,,2013,
3MAU2,9,19,2013,,,2013,
3MBS1,8,15,2013,,,2013,
3MBS2,8,7,2013,,,2013,
3MBS3,8,12,2013,,,2013,
3MBU1,9,5,2013,,,2013,
3MBU2,9,5,2013,,,2013,
3U1,8,13,2013,,,2013,
3U2,8,14,2013,,,2013,
1HAS1,9,29,2016,,,2016,
1HAS2,10,5,2016,,,2016,
1HBS1,9,14,2016,,,2016,
1HBS2,10,5,2016,,,2016,
1MAS1,9,29,2016,,,2016,
1MAS2,9,29,2016,,,2016,
1MBS1,9,29,2016,,,2016,
1MBS2,9,14,2016,,,2016,
1U1,9,29,2016,,,2016,
1U2,9,29,2016,,,2016,
2HAS1,9,22,2016,,,2016,
2HAS2,9,15,2016,,,2016,
2HAU1,9,21,2016,,,2016,
2HAU2,9,22,2016,,,2016,
2HBS1,9,15,2016,,,2016,
2HBS2,10,3,2016,,,2016,
2HBU2,9,22,2016,,,2016,
2MAS1,9,21,2016,,,2016,
2MAS2,9,15,2016,,,2016,
2MAU1,9,22,2016,,,2016,
2MAU2,9,22,2016,,,2016,
2MBS1,9,14,2016,,,2016,
2MBS2,9,15,2016,,,2016,
2MBS3,9,21,2016,,,2016,
2U1,9,14,2016,,,2016,
2U2,9,29,2016,,,2016,
3HAS1,9,28,2016,,,2016,
3HAS2,9,28,2016,,,2016,
3HBS1,9,28,2016,,,2016,
3HBS2,9,19,2016,,,2016,
3MAS1,9,28,2016,,,2016,
3MAS2,9,28,2016,,,2016,
3MBS1,9,28,2016,,,2016,
3MBS2,9,19,2016,,,2016,
3MBS3,9,28,2016,,,2016,
3U2,9,19,2016,,,2016,
1HAS1,9,24,2019,,,2019,
1HAS2,9,4,2019,,,2019,
1HBS1,9,5,2019,,,2019,
1HBS2,9,4,2019,,,2019,
1MAS1,9,24,2019,,,2019,
1MAS2,9,24,2019,,,2019,
1MBS1,9,19,2019,,,2019,
1MBS2,9,4,2019,,,2019,
1U1,9,24,2019,,,2019,
1U2,8,19,2019,,,2019,
2HAS1,8,7,2019,,,2019,
2HAS2,8,14,2019,,,2019,
2HAU1,8,7,2019,,,2019,
2HAU2,8,8,2019,,,2019,
2HBS1,8,6,2019,,,2019,
2HBS2,8,23,2019,,,2019,
2HBU1,8,9,2019,,,2019,
2HBU2,8,9,2019,,,2019,
2MAS1,8,22,2019,,,2019,
2MAS2,8,16,2019,,,2019,
2MAU1,8,8,2019,,,2019,
2MAU2,8,7,2019,,,2019,
2MBS1,8,13,2019,,,2019,
2MBS2,8,14,2019,,,2019,
2MBS3,8,21,2019,,,2019,
2MBU1,8,8,2019,,,2019,
2MBU2,8,9,2019,,,2019,
2U1,8,22,2019,,,2019,
2U2,8,5,2019,,,2019,
3HAS1,9,9,2019,,,2019,
3HAS2,8,15,2019,,,2019,
3HAU1,9,10,2019,,,2019,
3HAU2,9,11,2019,,,2019,
3HBS1,8,20,2019,,,2019,
3HBS2,8,23,2019,,,2019,
3HBU1,9,10,2019,,,2019,
3HBU2,9,5,2019,,,2019,
3LAU1,9,19,2019,,,2019,
3MAS1,9,9,2019,,,2019,
3MAS2,8,20,2019,,,2019,
3MAU1,9,11,2019,,,2019,
3MAU2,9,11,2019,,,2019,
3MBS1,8,20,2019,,,2019,
3MBS2,8,12,2019,,,2019,
3MBS3,8,13,2019,,,2019,
3MBU1,9,10,2019,,,2019,
3MBU2,9,10,2019,,,2019,
3U1,9,5,2019,,,2019,
3U2,8,12,2019,,,2019,
MC1A,,,,,,1998,
MC1B,,,,,,1998,
MC1C,,,,,,1998,
MC1D,,,,,,1998,
MC2A,,,,,,1998,
MC2B,,,,,,1998,
MC2C,,,,,,1998,
MC2D,,,,,,1998,
MC3A,,,,,,1998,
MC3B,,,,,,1998,
MC3C,,,,,,1998,
MC3D,,,,,,1998,
MC4A,,,,,,1998,
MC4B,,,,,,1998,
MC4C,,,,,,1998,
MC4D,,,,,,1998,
MC5A,,,,,,1998,
MC5B,,,,,,1998,
MC5C,,,,,,1998,
MC5D,,,,,,1998,
MD1A,,,,,,1998,
MD1B,,,,,,1998,
MD1C,,,,,,1998,
MD1D,,,,,,1998,
MD2A,,,,,,1998,
MD2B,,,,,,1998,
MD2C,,,,,,1998,
MD2D,,,,,,1998,
PG1A,,,,,,1998,
PG1B,,,,,,1998,
PG1C,,,,,,1998,
PG1D,,,,,,1998,
PG2A,,,,,,1998,
PG2B,,,,,,1998,
PG2C,,,,,,1998,
PG2D,,,,,,1998,
PG3A,,,,,,1998,
PG3B,,,,,,1998,
PG3C,,,,,,1998,
PG3D,,,,,,1998,
PG4A,,,,,,1998,
PG4B,,,,,,1998,
PG4C,,,,,,1998,
PG4D,,,,,,1998,
PG5A,,,,,,1998,
PG5B,,,,,,1998,
PG5C,,,,,,1998,
PG5D,,,,,,1998,
PJ1A,,,,,,1998,
PJ1B,,,,,,1998,
PJ1C,,,,,,1998,
PJ1D,,,,,,1998,
PJ2A,,,,,,1998,
PJ2B,,,,,,1998,
PJ2C,,,,,,1998,
PJ2D,,,,,,1998,
PJ3A,,,,,,1998,
PJ3B,,,,,,1998,
PJ3C,,,,,,1998,
PJ3D,,,,,,1998,
PJ4A,,,,,,1998,
PJ4B,,,,,,1998,
PJ4C,,,,,,1998,
PJ4D,,,,,,1998,
PJ5A,,,,,,1998,
PJ5B,,,,,,1998,
PJ5C,,,,,,1998,
PJ5D,,,,,,1998,
MC1A,,,,,,1999,
MC1B,,,,,,1999,
MC1C,,,,,,1999,
MC1D,,,,,,1999,
MC2A,,,,,,1999,
MC2B,,,,,,1999,
MC2C,,,,,,1999,
MC2D,,,,,,1999,
MC3A,,,,,,1999,
MC3B,,,,,,1999,
MC3C,,,,,,1999,
MC3D,,,,,,1999,
MC4A,,,,,,1999,
MC4B,,,,,,1999,
MC4C,,,,,,1999,
MC4D,,,,,,1999,
MC5A,,,,,,1999,
MC5B,,,,,,1999,
MC5C,,,,,,1999,
MC5D,,,,,,1999,
MD1A,,,,,,1999,
MD1B,,,,,,1999,
MD1C,,,,,,1999,
MD1D,,,,,,1999,
MD2A,,,,,,1999,
MD2B,,,,,,1999,
MD2C,,,,,,1999,
MD2D,,,,,,1999,
PG1A,,,,,,1999,
PG1B,,,,,,1999,
PG1C,,,,,,1999,
PG1D,,,,,,1999,
PG2A,,,,,,1999,
PG2B,,,,,,1999,
PG2C,,,,,,1999,
PG2D,,,,,,1999,
PG3A,,,,,,1999,
PG3B,,,,,,1999,
PG3C,,,,,,1999,
PG3D,,,,,,1999,
PG4A,,,,,,1999,
PG4B,,,,,,1999,
PG4C,,,,,,1999,
PG4D,,,,,,1999,
PG5A,,,,,,1999,
PG5B,,,,,,1999,
PG5C,,,,,,1999,
PG5D,,,,,,1999,
PJ1A,,,,,,1999,
PJ1B,,,,,,1999,
PJ1C,,,,,,1999,
PJ1D,,,,,,1999,
PJ2A,,,,,,1999,
PJ2B,,,,,,1999,
PJ2C,,,,,,1999,
PJ2D,,,,,,1999,
PJ3A,,,,,,1999,
PJ3B,,,,,,1999,
PJ3C,,,,,,1999,
PJ3D,,,,,,1999,
PJ4A,,,,,,1999,
PJ4B,,,,,,1999,
PJ4C,,,,,,1999,
PJ4D,,,,,,1999,
PJ5A,,,,,,1999,
PJ5B,,,,,,1999,
PJ5C,,,,,,1999,
PJ5D,,,,,,1999,
AS1A,,,,,,2000,
AS1B,,,,,,2000,
AS1C,,,,,,2000,
AS1D,,,,,,2000,
AS2A,,,,,,2000,
AS2B,,,,,,2000,
AS2C,,,,,,2000,
AS2D,,,,,,2000,
MC1A,,,,,,2000,
MC1B,,,,,,2000,
MC1C,,,,,,2000,
MC1D,,,,,,2000,
MC2A,,,,,,2000,
MC2B,,,,,,2000,
MC2C,,,,,,2000,
MC2D,,,,,,2000,
MC3A,,,,,,2000,
MC3B,,,,,,2000,
MC3C,,,,,,2000,
MC3D,,,,,,2000,
MC4A,,,,,,2000,
MC4B,,,,,,2000,
MC4C,,,,,,2000,
MC4D,,,,,,2000,
MC5A,,,,,,2000,
MC5B,,,,,,2000,
MC5C,,,,,,2000,
MC5D,,,,,,2000,
MD1A,,,,,,2000,
MD1B,,,,,,2000,
MD1C,,,,,,2000,
MD1D,,,,,,2000,
MD2A,,,,,,2000,
MD2B,,,,,,2000,
MD2C,,,,,,2000,
MD2D,,,,,,2000,
PG1A,,,,,,2000,
PG1B,,,,,,2000,
PG1C,,,,,,2000,
PG1D,,,,,,2000,
PG2A,,,,,,2000,
PG2B,,,,,,2000,
PG2C,,,,,,2000,
PG2D,,,,,,2000,
PG3A,,,,,,2000,
PG3B,,,,,,2000,
PG3C,,,,,,2000,
PG3D,,,,,,2000,
PG4A,,,,,,2000,
PG4B,,,,,,2000,
PG4C,,,,,,2000,
PG4D,,,,,,2000,
PG5A,,,,,,2000,
PG5B,,,,,,2000,
PG5C,,,,,,2000,
PG5D,,,,,,2000,
PJ1A,,,,,,2000,
PJ1B,,,,,,2000,
PJ1C,,,,,,2000,
PJ1D,,,,,,2000,
PJ2A,,,,,,2000,
PJ2B,,,,,,2000,
PJ2C,,,,,,2000,
PJ2D,,,,,,2000,
PJ3A,,,,,,2000,
PJ3B,,,,,,2000,
PJ3C,,,,,,2000,
PJ3D,,,,,,2000,
PJ4A,,,,,,2000,
PJ4B,,,,,,2000,
PJ4C,,,,,,2000,
PJ4D,,,,,,2000,
PJ5A,,,,,,2000,
PJ5B,,,,,,2000,
PJ5C,,,,,,2000,
PJ5D,,,,,,2000,
PJ2A,,,,,,2003,
PJ2B,,,,,,2003,
PJ2C,,,,,,2003,
PJ2D,,,,,,2003,
PJ3A,,,,,,2003,
PJ3B,,,,,,2003,
PJ3C,,,,,,2003,
PJ3D,,,,,,2003,
PJ4A,,,,,,2003,
PJ4B,,,,,,2003,
PJ4C,,,,,,2003,
PJ4D,,,,,,2003,
PJ5A,,,,,,2003,
PJ5B,,,,,,2003,
PJ5C,,,,,,2003,
PJ5D,,,,,,2003,
PG1A,,,,,,2014,
PG1B,,,,,,2014,
PG1C,,,,,,2014,
PG1D,,,,,,2014,
PG3A,,,,,,2014,
PG3B,,,,,,2014,
PG3C,,,,,,2014,
PG3D,,,,,,2014,
PG5A,,,,,,2014,
PG5B,,,,,,2014,
PG5C,,,,,,2014,
PG5D,,,,,,2014,
PJ1A,,,,,,2014,
PJ1B,,,,,,2014,
PJ1C,,,,,,2014,
PJ1D,,,,,,2014,
PJ2A,,,,,,2014,
PJ2B,,,,,,2014,
PJ2C,,,,,,2014,
PJ2D,,,,,,2014,
PJ3A,,,,,,2014,
PJ3B,,,,,,2014,
PJ3C,,,,,,2014,
PJ3D,,,,,,2014,
MC3A,,,,,,2017,
MC3B,,,,,,2017,
MC3C,,,,,,2017,
MC3D,,,,,,2017,
MC4A,,,,,,2017,
MC4B,,,,,,2017,
MC4C,,,,,,2017,
MC5A,,,,,,2017,
PG1A,,,,,,2017,
PG1B,,,,,,2017,
PG1C,,,,,,2017,
PG1D,,,,,,2017,
PG4A,,,,,,2017,
PG4B,,,,,,2017,
PG4C,,,,,,2017,
PG4D,,,,,,2017,
SRLA1,6,18,1993,,,1993,
SRLA2,6,18,1993,,,1993,
SRLA3,6,18,1993,,,1993,
SRLB1,5,27,1993,,,1993,
SRLB2,5,27,1993,,,1993,
SRLB3,5,27,1993,,,1993,
SRLC1,5,28,1993,,,1993,
SRLC2,5,28,1993,,,1993,
SRLC3,5,28,1993,,,1993,
SRLD1,6,17,1993,,,1993,
SRLD2,6,17,1993,,,1993,
SRLD3,6,17,1993,,,1993,
SRLC1,10,9,2003,,,2003,
SRLC2,10,24,2003,,,2003,
SRLC3,10,9,2003,,,2003,
VC01U,,,,,,1996,
VC01L,,,,,,1996,
VC02U,,,,,,1996,
VC02L,,,,,,1996,
VC03U,,,,,,1996,
VC03L,,,,,,1996,
VC04U,,,,,,1996,
VC04L,,,,,,1996,
VC05U,,,,,,1996,
VC05L,,,,,,1996,
VC06U,,,,,,1996,
VC06L,,,,,,1996,
VC07U,,,,,,1996,
VC07L,,,,,,1996,
VC08U,,,,,,1996,
VC08L,,,,,,1996,
VC09U,,,,,,1996,
VC09L,,,,,,1996,
VC10U,,,,,,1996,
VC10L,,,,,,1996,
VC11U,,,,,,1996,
VC11L,,,,,,1996,
VC12U,,,,,,1996,
VC12L,,,,,,1996,
VC13U,,,,,,1996,
VC13L,,,,,,1996,
VC14U,,,,,,1996,
VC14L,,,,,,1996,
VC15U,,,,,,1996,
VC15L,,,,,,1996,
VC16U,,,,,,1996,
VC16L,,,,,,1996,
VC17U,,,,,,1996,
VC17L,,,,,,1996,
VC18U,,,,,,1996,
VC18L,,,,,,1996,
VC19U,,,,,,1996,
VC19L,,,,,,1996,
VC20U,,,,,,1996,
VC20L,,,,,,1996,
VT01U,,,,,,1996,
VT01L,,,,,,1996,
VT02U,,,,,,1996,
VT02L,,,,,,1996,
VT03U,,,,,,1996,
VT03L,,,,,,1996,
VT04U,,,,,,1996,
VT04L,,,,,,1996,
VT05U,,,,,,1996,
VT05L,,,,,,1996,
VT06U,,,,,,1996,
VT06L,,,,,,1996,
VT07U,,,,,,1996,
VT07L,,,,,,1996,
VT08U,,,,,,1996,
VT08L,,,,,,1996,
VT09U,,,,,,1996,
VT09L,,,,,,1996,
VT10U,,,,,,1996,
VT10L,,,,,,1996,
VT11U,,,,,,1996,
VT11L,,,,,,1996,
VT12U,,,,,,1996,
VT12L,,,,,,1996,
VT13U,,,,,,1996,
VT13L,,,,,,1996,
VT14U,,,,,,1996,
VT14L,,,,,,1996,
VT15U,,,,,,1996,
VT15L,,,,,,1996,
VT16U,,,,,,1996,
VT16L,,,,,,1996,
VT17U,,,,,,1996,
VT17L,,,,,,1996,
VT18U,,,,,,1996,
VT18L,,,,,,1996,
VT19U,,,,,,1996,
VT19L,,,,,,1996,
VT20U,,,,,,1996,
VT20L,,,,,,1996,
VC01U,,,,,,2000,
VC01L,,,,,,2000,
VC02U,,,,,,2000,
VC02L,,,,,,2000,
VC03U,,,,,,2000,
VC03L,,,,,,2000,
VC04U,,,,,,2000,
VC04L,,,,,,2000,
VC05U,,,,,,2000,
VC05L,,,,,,2000,
VC06U,,,,,,2000,
VC06L,,,,,,2000,
VC07U,,,,,,2000,
VC07L,,,,,,2000,
VC08U,,,,,,2000,
VC08L,,,,,,2000,
VC09U,,,,,,2000,
VC09L,,,,,,2000,
VC10U,,,,,,2000,
VC10L,,,,,,2000,
VC11U,,,,,,2000,
VC11L,,,,,,2000,
VC12U,,,,,,2000,
VC12L,,,,,,2000,
VC13U,,,,,,2000,
VC13L,,,,,,2000,
VC14U,,,,,,2000,
VC14L,,,,,,2000,
VC15U,,,,,,2000,
VC15L,,,,,,2000,
VC16U,,,,,,2000,
VC16L,,,,,,2000,
VC17U,,,,,,2000,
VC17L,,,,,,2000,
VC18U,,,,,,2000,
VC18L,,,,,,2000,
VC19U,,,,,,2000,
VC19L,,,,,,2000,
VC20U,,,,,,2000,
VC20L,,,,,,2000,
VT01U,,,,,,2000,
VT01L,,,,,,2000,
VT02U,,,,,,2000,
VT02L,,,,,,2000,
VT03U,,,,,,2000,
VT03L,,,,,,2000,
VT04U,,,,,,2000,
VT04L,,,,,,2000,
VT05U,,,,,,2000,
VT05L,,,,,,2000,
VT06U,,,,,,2000,
VT06L,,,,,,2000,
VT07U,,,,,,2000,
VT07L,,,,,,2000,
VT08U,,,,,,2000,
VT08L,,,,,,2000,
VT09U,,,,,,2000,
VT09L,,,,,,2000,
VT10U,,,,,,2000,
VT10L,,,,,,2000,
VT11U,,,,,,2000,
VT11L,,,,,,2000,
VT12U,,,,,,2000,
VT12L,,,,,,2000,
VT13U,,,,,,2000,
VT13L,,,,,,2000,
VT14U,,,,,,2000,
VT14L,,,,,,2000,
VT15U,,,,,,2000,
VT15L,,,,,,2000,
VT16U,,,,,,2000,
VT16L,,,,,,2000,
VT17U,,,,,,2000,
VT17L,,,,,,2000,
VT18U,,,,,,2000,
VT18L,,,,,,2000,
VT19U,,,,,,2000,
VT19L,,,,,,2000,
VT20U,,,,,,2000,
VT20L,,,,,,2000,
VC02U,,,,,,2004,
VC02L,,,,,,2004,
VC06U,,,,,,2004,
VC06L,,,,,,2004,
VC11U,,,,,,2004,
VC11L,,,,,,2004,
VC13U,,,,,,2004,
VC13L,,,,,,2004,
VC14U,,,,,,2004,
VC14L,,,,,,2004,
VT02U,,,,,,2004,
VT02L,,,,,,2004,
VT04U,,,,,,2004,
VT04L,,,,,,2004,
VT06U,,,,,,2004,
VT06L,,,,,,2004,
VT11U,,,,,,2004,
VT11L,,,,,,2004,
VT13U,,,,,,2004,
VT13L,,,,,,2004,
VT14U,,,,,,2004,
VT14L,,,,,,2004,
VC02U,,,,,,2005,
VC02L,,,,,,2005,
VC06U,,,,,,2005,
VC06L,,,,,,2005,
VC11U,,,,,,2005,
VC11L,,,,,,2005,
VC13U,,,,,,2005,
VC13L,,,,,,2005,
VC14U,,,,,,2005,
VC14L,,,,,,2005,
VC18U,,,,,,2005,
VC18L,,,,,,2005,
VT02U,,,,,,2005,
VT02L,,,,,,2005,
VT06U,,,,,,2005,
VT06L,,,,,,2005,
VT11U,,,,,,2005,
VT11L,,,,,,2005,
VT13U,,,,,,2005,
VT13L,,,,,,2005,
VT14U,,,,,,2005,
VT14L,,,,,,2005,
VT18U,,,,,,2005,
VT18L,,,,,,2005,
VC02U,,,,,,2006,
VC02L,,,,,,2006,
VC06U,,,,,,2006,
VC06L,,,,,,2006,
VC11U,,,,,,2006,
VC11L,,,,,,2006,
VC13U,,,,,,2006,
VC13L,,,,,,2006,
VC14U,,,,,,2006,
VC14L,,,,,,2006,
VC18U,,,,,,2006,
VC18L,,,,,,2006,
VT02U,,,,,,2006,
VT02L,,,,,,2006,
VT06U,,,,,,2006,
VT06L,,,,,,2006,
VT11U,,,,,,2006,
VT11L,,,,,,2006,
VT13U,,,,,,2006,
VT13L,,,,,,2006,
VT14U,,,,,,2006,
VT14L,,,,,,2006,
VT18U,,,,,,2006,
VT18L,,,,,,2006,
RT1,10,1,1991,,,1991,
RT1,9,9,1994,,,1994,
RT2,10,2,1991,,,1991,
RT2,9,15,1994,,,1994,
RT3,10,7,1991,,,1991,
RT3,9,16,1994,,,1994,
RT4,10,8,1991,,,1991,
RT4,9,16,1994,,,1994,
RT5,10,9,1991,,,1991,
RT5,9,15,1994,,,1994,
RT6,9,15,1995,,,1995,
RT7,9,14,1995,,,1995,
RT8,9,14,1995,,,1995,
RT9,9,14,1995,,,1995,
RT11,9,12,1994,,,1994,
RT12,9,21,1994,,,1994,
RT13,9,13,1994,,,1994,
RT14,9,12,1994,,,1994,
RT15,9,13,1994,,,1994,
RT16,9,8,1994,,,1994,
RT17,9,7,1994,,,1994,
RT18,9,20,1994,,,1994,
SP941,8,10,1995,,,1995,
SP942,8,10,1995,,,1995,
SP943,8,10,1995,,,1995,
SP944,8,10,1995,,,1995,
SP951,8,10,1995,,,1995,
SP952,8,10,1995,,,1995,
SP953,8,10,1995,,,1995,
SP954,8,10,1995,,,1995,
SP955,8,10,1995,,,1995,
SP956,8,10,1995,,,1995,
SP957,8,10,1995,,,1995,
SP958,8,10,1995,,,1995,
SP941,8,23,1996,,,1996,
SP942,8,23,1996,,,1996,
SP943,8,23,1996,,,1996,
SP944,8,23,1996,,,1996,
SP951,8,23,1996,,,1996,
SP952,8,23,1996,,,1996,
SP953,8,23,1996,,,1996,
SP954,8,23,1996,,,1996,
SP955,8,23,1996,,,1996,
SP956,8,23,1996,,,1996,
SP957,8,23,1996,,,1996,
SP958,8,23,1996,,,1996,
SP941,9,2,1997,,,1997,
SP942,9,2,1997,,,1997,
SP943,9,2,1997,,,1997,
SP944,9,2,1997,,,1997,
SP951,9,2,1997,,,1997,
SP952,9,2,1997,,,1997,
SP953,9,2,1997,,,1997,
SP954,9,2,1997,,,1997,
SP955,9,2,1997,,,1997,
SP956,9,2,1997,,,1997,
SP957,9,2,1997,,,1997,
SP958,9,2,1997,,,1997,
SP941,9,23,1998,,,1998,
SP942,9,23,1998,,,1998,
SP943,9,23,1998,,,1998,
SP944,9,23,1998,,,1998,
SP951,9,23,1998,,,1998,
SP952,9,23,1998,,,1998,
SP953,9,23,1998,,,1998,
SP954,9,23,1998,,,1998,
SP955,9,23,1998,,,1998,
SP956,9,23,1998,,,1998,
SP957,9,23,1998,,,1998,
SP958,9,23,1998,,,1998,
SP941,9,3,1999,,,1999,
SP942,9,3,1999,,,1999,
SP943,9,3,1999,,,1999,
SP944,9,3,1999,,,1999,
SP951,9,3,1999,,,1999,
SP952,9,3,1999,,,1999,
SP953,9,3,1999,,,1999,
SP954,9,3,1999,,,1999,
SP955,9,3,1999,,,1999,
SP956,9,3,1999,,,1999,
SP957,9,3,1999,,,1999,
SP958,9,3,1999,,,1999,
SP941,9,1,2000,,,2000,
SP942,9,1,2000,,,2000,
SP943,9,1,2000,,,2000,
SP944,9,1,2000,,,2000,
SP951,9,1,2000,,,2000,
SP952,9,1,2000,,,2000,
SP953,9,1,2000,,,2000,
SP954,9,1,2000,,,2000,
SP955,9,1,2000,,,2000,
SP956,9,1,2000,,,2000,
SP957,9,1,2000,,,2000,
SP958,9,1,2000,,,2000,
SP941,8,29,2001,,,2001,
SP942,8,29,2001,,,2001,
SP943,8,29,2001,,,2001,
SP944,8,29,2001,,,2001,
SP951,8,29,2001,,,2001,
SP952,8,29,2001,,,2001,
SP953,8,29,2001,,,2001,
SP954,8,29,2001,,,2001,
SP955,8,29,2001,,,2001,
SP956,8,29,2001,,,2001,
SP957,8,29,2001,,,2001,
SP958,8,29,2001,,,2001,
SP941,9,12,2002,,,2002,
SP942,9,12,2002,,,2002,
SP943,9,12,2002,,,2002,
SP944,9,12,2002,,,2002,
SP951,9,12,2002,,,2002,
SP952,9,12,2002,,,2002,
SP953,9,12,2002,,,2002,
SP954,9,12,2002,,,2002,
SP955,9,12,2002,,,2002,
SP956,9,12,2002,,,2002,
SP957,9,12,2002,,,2002,
SP958,9,12,2002,,,2002,
SP941,9,9,2003,,,2003,
SP942,9,9,2003,,,2003,
SP943,9,9,2003,,,2003,
SP944,9,9,2003,,,2003,
SP951,9,9,2003,,,2003,
SP952,9,9,2003,,,2003,
SP953,9,9,2003,,,2003,
SP954,9,9,2003,,,2003,
SP955,9,9,2003,,,2003,
SP956,9,9,2003,,,2003,
SP957,9,9,2003,,,2003,
SP958,9,9,2003,,,2003,
SP941,8,25,2004,,,2004,
SP942,8,25,2004,,,2004,
SP943,8,25,2004,,,2004,
SP944,8,25,2004,,,2004,
SP951,8,25,2004,,,2004,
SP952,8,25,2004,,,2004,
SP953,8,25,2004,,,2004,
SP954,8,25,2004,,,2004,
SP955,8,25,2004,,,2004,
SP956,8,25,2004,,,2004,
SP957,8,25,2004,,,2004,
SP958,8,25,2004,,,2004,
SP941,8,25,2005,,,2005,
SP942,8,25,2005,,,2005,
SP943,8,25,2005,,,2005,
SP944,8,25,2005,,,2005,
SP951,8,25,2005,,,2005,
SP952,8,25,2005,,,2005,
SP953,8,25,2005,,,2005,
SP954,8,25,2005,,,2005,
SP955,8,25,2005,,,2005,
SP956,8,25,2005,,,2005,
SP957,8,25,2005,,,2005,
SP958,8,25,2005,,,2005,
SP941,9,12,2006,,,2006,
SP942,9,12,2006,,,2006,
SP943,9,12,2006,,,2006,
SP944,9,12,2006,,,2006,
SP951,9,12,2006,,,2006,
SP952,9,12,2006,,,2006,
SP953,9,12,2006,,,2006,
SP954,9,12,2006,,,2006,
SP955,9,12,2006,,,2006,
SP956,9,12,2006,,,2006,
SP957,9,12,2006,,,2006,
SP958,9,12,2006,,,2006,
SP941,8,16,2007,,,2007,
SP942,8,16,2007,,,2007,
SP943,8,16,2007,,,2007,
SP944,8,16,2007,,,2007,
SP951,8,16,2007,,,2007,
SP952,8,16,2007,,,2007,
SP953,8,16,2007,,,2007,
SP954,8,16,2007,,,2007,
SP955,8,16,2007,,,2007,
SP956,8,16,2007,,,2007,
SP957,8,16,2007,,,2007,
SP958,8,16,2007,,,2007,
SP941,9,22,2008,,,2008,
SP942,9,22,2008,,,2008,
SP943,9,22,2008,,,2008,
SP944,9,22,2008,,,2008,
SP951,9,22,2008,,,2008,
SP952,9,22,2008,,,2008,
SP953,9,22,2008,,,2008,
SP954,9,22,2008,,,2008,
SP955,9,22,2008,,,2008,
SP956,9,22,2008,,,2008,
SP957,9,22,2008,,,2008,
SP958,9,22,2008,,,2008,
